url,email,country,keyword,city,type
http://www.levydentalarts.com,Info@levydentalarts.com,United States,Dentist New York,New York (NY),organic
http://www.oktooth.com,-,United States,Dentist New York,New York (NY),organic
http://www.dentalartsny.com,nyfamilydentalarts@gmail.com,United States,Dentist New York,New York (NY),organic
http://www.dentalartsny.com,pfdentalarts@gmail.com,United States,Dentist New York,New York (NY),organic
http://www.rvcdentalsuite.com,-,United States,Dentist New York,New York (NY),organic
http://www.cosmeticdentistsnewyorkcity.com,rockcdoffice@gmail.com,United States,Dentist New York,New York (NY),organic
http://www.hellotend.com,press@hellotend.com,United States,Dentist New York,New York (NY),organic
http://www.hellotend.com,hello@hellotend.com,United States,Dentist New York,New York (NY),organic
http://www.thetribecadentist.com,info@tribecasmile.com,United States,Dentist New York,New York (NY),organic
http://www.hudsondentalcenter.com/,-,United States,Dentist New York,New York (NY),map
http://www.levydentalarts.com,Info@levydentalarts.com,United States,Dentist New York,New York (NY),organic
http://www.oktooth.com,-,United States,Dentist New York,New York (NY),organic
http://www.rvcdentalsuite.com,-,United States,Dentist New York,New York (NY),organic
http://www.hellotend.com,press@hellotend.com,United States,Dentist New York,New York (NY),organic
http://www.hellotend.com,hello@hellotend.com,United States,Dentist New York,New York (NY),organic
http://www.lohuddental.com,-,United States,Dentist New York,New York (NY),organic
http://www.thetribecadentist.com,info@tribecasmile.com,United States,Dentist New York,New York (NY),organic
http://www.marcschwartzdmd.com,ess2140@gmail.com,United States,Dentist New York,New York (NY),organic
http://www.hudsondentalcenter.com/,-,United States,Dentist New York,New York (NY),map
http://www.levydentalarts.com,Info@levydentalarts.com,United States,Dentist New York,New York (NY),organic
http://www.cosmeticdentistsnewyorkcity.com,rockcdoffice@gmail.com,United States,Dentist New York,New York (NY),organic
http://www.rvcdentalsuite.com,-,United States,Dentist New York,New York (NY),organic
http://www.hellotend.com,press@hellotend.com,United States,Dentist New York,New York (NY),organic
http://www.hellotend.com,hello@hellotend.com,United States,Dentist New York,New York (NY),organic
http://www.oktooth.com,-,United States,Dentist New York,New York (NY),organic
http://www.lohuddental.com,-,United States,Dentist New York,New York (NY),organic
http://www.marcschwartzdmd.com,ess2140@gmail.com,United States,Dentist New York,New York (NY),organic
http://www.hudsondentalcenter.com/,-,United States,Dentist New York,New York (NY),map
http://www.supremehvac.com,-,United States,hvac contractor New York,New York,organic
http://www.supercoolingandheatingllc.net,zezenhoo@yahoo.com,United States,hvac contractor New York,New York,organic
http://www.trentheat.com,info@trentheat.com,United States,hvac contractor New York,New York,organic
http://www.vincomechanical.com,admin@vincomechanical.com,United States,hvac contractor New York,New York,organic
http://www.hengtonghvac.biz,-,United States,hvac contractor New York,New York,organic
https://www.haddadelectricnj.com/,haddadelectric@yahoo.com,United States,hvac contractor New York,New York,map
http://www.supremehvac.com,-,United States,hvac contractor New York,New York,organic
http://www.supercoolingandheatingllc.net,zezenhoo@yahoo.com,United States,hvac contractor New York,New York,organic
http://www.trentheat.com,info@trentheat.com,United States,hvac contractor New York,New York,organic
http://www.vincomechanical.com,admin@vincomechanical.com,United States,hvac contractor New York,New York,organic
http://www.brookaire.com,username@domain.com,United States,hvac contractor New York,New York,organic
http://www.brookaire.com,sales@brookaire.com,United States,hvac contractor New York,New York,organic
https://www.haddadelectricnj.com/,haddadelectric@yahoo.com,United States,hvac contractor New York,New York,map
